# service	path	env_var	generator	description
# generator values:
# - random: generated monthly with Vault sys/tools/random
# - sha256:<path>: SHA-256 of another secret path's value
graylog	graylog/password-secret	GRAYLOG_PASSWORD_SECRET	random	Graylog password secret used for session and token signing
graylog	graylog/root-password	GRAYLOG_ROOT_PASSWORD	random	Graylog bootstrap/API admin password
graylog	graylog/root-password-sha2	GRAYLOG_ROOT_PASSWORD_SHA2	sha256:graylog/root-password	Graylog root password hash consumed by the Graylog server
wazuh	wazuh/dashboard-password	WAZUH_DASHBOARD_PASSWORD	random	Wazuh dashboard admin password
thehive	thehive/play-secret	THEHIVE_PLAY_SECRET	random	TheHive Play framework secret key
shuffle	shuffle/app-secret	SHUFFLE_APP_SECRET	random	Shuffle application secret
greenbone	greenbone/admin-password	GREENBONE_ADMIN_PASSWORD	random	Greenbone administrator password
velociraptor	velociraptor/admin-password	VELOCIRAPTOR_ADMIN_PASSWORD	random	Velociraptor administrator password
uptime-kuma	uptime-kuma/admin-password	UPTIME_KUMA_PASSWORD	random	Uptime Kuma administrator password for monitor sync
